{
  "Issue": "AcquisitionSales",
  "InteractionID": "-3569455782704439973",
  "ProductName": "",
  "CustomerCost": 0.0,
  "ContentFormat": "Image",
  "SellableEndDate": "1970-01-01T00:00:00Z",
  "Label": "EGSRTULULevelUp",
  "PaidLookalikeValue": "",
  "Benefits": "Action is to increase Term deposit product with bank, for customer with currency other than HKD",
  "WhyRelevant": "",
  "Sellable": false,
  "ProductSearchCriteria": "",
  "Name": "EGSRTULULevelUp",
  "ShortDescription": "Action is to increase Term deposit product with bank, for customer with currency other than HKD",
  "GroupID": "Deposits",
  "PaidAudienceName": "",
  "Identifier": "/AcquisitionSales/Deposits/EGSRTULULevelUp",
  "BundleType": "",
  "Placement": "offers_hub",
  "SellableStartDate": "1970-01-01T00:00:00Z",
  "JourneyStep": "",
  "Propensity": 0.0,
  "AgentCompensation": 0,
  "BannerLabel": "",
  "ClassIdentifier": "Offer",
  "Priority": 499999999,
  "Channel": "Mobile",
  "BundleName": "",
  "ImageURL": "",
  "Title2": "",
  "Variant": "",
  "Fields": [
    {
      "Value": "50",
      "Name": "ConsolidatedAmount"
    }
  ],
  "InternalCost": 0,
  "ProductCategory": "",
  "Journey": "",
  "Group": "Deposits",
  "Category": "",
  "Message": "立即爲您的3個月USD定存續期，獲享3.89％年利率！",
  "SubjectName": "3440000001689575",
  "ButtonName2": "",
  "Direction": "Inbound",
  "ExpectedRevenue": 0.0,
  "ButtonName": "解鎖尊屬續期優惠",
  "Pricing": "",
  "BannerLabel2": "",
  "JourneyStage": "",
  "EligibilityDescription": "",
  "Message2": "",
  "Title": "按此解鎖尊屬優惠!",
  "Rank": 2,
  "ProductID": "",
  "BundleParent": false,
  "Treatment": "NewTimeDepositForeignCurrency_TC",
  "ProductsCompatible": "",
  "AssociatedProductIDs": "",
  "CampaignID": "NBA",
  "OfferValue": 0,
  "SubCategory": "",
  "ClickThroughURL": "scmobile://web/htd-webview?specialPricing=Y",
  "ProductDescription": "",
  "ClickThroughURL2": "",
  "SubjectID": "3440000001689575",
  "ProductsIncompatible": "",
  "DecisionTime": "2025-01-30T04:09:00Z",
  "ContextName": "Customer"
}
