[
  {
    "Issue": "AcquisitionSales",
    "InteractionID": "-3569455782704439973",
    "ProductName": "",
    "CustomerCost": 0.0,
    "ContentFormat": "Image",
    "SellableEndDate": "19700101T000000.000 GMT",
    "Label": "EGSRTULULevelupArticlenQuiz",
    "PaidLookalikeValue": "",
    "Benefits": "Action is to increase Term deposit product with bank, for customer with currency other than HKD",
    "WhyRelevant": "",
    "Sellable": false,
    "ProductSearchCriteria": "",
    "Name": "EGSRTULULevelupArticlenQuiz",
    "ShortDescription": "Action is to increase Term deposit product with bank, for customer with currency other than HKD",
    "GroupID": "Deposits",
    "PaidAudienceName": "",
    "Identifier": "/AcquisitionSales/Deposits/EGSRTULULevelupArticlenQuiz",
    "BundleType": "",
    "Placement": "levelup_page",
    "SellableStartDate": "19700101T000000.000 GMT",
    "JourneyStep": "",
    "Propensity": 0.0,
    "AgentCompensation": 0,
    "BannerLabel": "",
    "ClassIdentifier": "Offer",
    "Priority": 499999999.0,
    "Channel": "Mobile",
    "BundleName": "",
    "ImageURL": "",
    "Title2": "",
    "Variant": "",
    "Fields": [
      {
        "Name": "ArticleID",
        "Value": "RE101"
      },
      {
        "Name": "ArticleRead",
        "Value": "Y"
      },
      {
        "Name": "ArticleTotalAmount",
        "Value": 400
      },
      {
        "Name": "QuizCompleted",
        "Value": "Y"
      },
      {
        "Name": "QuizTotalAmount",
        "Value": 100
      }
    ],
    "ProductCategory": "",
    "Journey": "",
    "Group": "Deposits",
    "Category": "",
    "Message": "立即爲您的3個月USD定存續期，獲享3.89％年利率！",
    "SubjectName": "3440000001689575",
    "ButtonName2": "",
    "Direction": "Inbound",
    "ExpectedRevenue": 0.0,
    "ButtonName": "解鎖尊屬續期優惠",
    "Pricing": "",
    "BannerLabel2": "",
    "JourneyStage": "",
    "EligibilityDescription": "",
    "Message2": "",
    "Title": "按此解鎖尊屬優惠!",
    "Rank": 2,
    "ProductID": "",
    "BundleParent": "false",
    "Treatment": "NewTimeDepositForeignCurrency_TC",
    "ProductsCompatible": "",
    "AssociatedProductIDs": "",
    "CampaignID": "NBA",
    "OfferValue": 0,
    "SubCategory": "",
    "ClickThroughURL": "scmobile://web/htd-webview?specialPricing=Y",
    "ProductDescription": "",
    "ClickThroughURL2": "",
    "SubjectID": "3440000001689575",
    "ProductsIncompatible": "",
    "DecisionTime": "20250130T040900.486 GMT",
    "ContextName": "Customer"
  },
  {
    "Issue": "AcquisitionSales",
    "InteractionID": "-3569455782704439973",
    "ProductName": "",
    "CustomerCost": 0.0,
    "ContentFormat": "Image",
    "SellableEndDate": "19700101T000000.000 GMT",
    "Label": "EGSRTULULevelupArticlenQuiz",
    "PaidLookalikeValue": "",
    "Benefits": "Action is to increase Term deposit product with bank, for customer with currency other than HKD",
    "WhyRelevant": "",
    "Sellable": false,
    "ProductSearchCriteria": "",
    "Name": "EGSRTULULevelupArticlenQuiz",
    "ShortDescription": "Action is to increase Term deposit product with bank, for customer with currency other than HKD",
    "GroupID": "Deposits",
    "PaidAudienceName": "",
    "Identifier": "/AcquisitionSales/Deposits/EGSRTULULevelupArticlenQuiz",
    "BundleType": "",
    "Placement": "levelup_page",
    "SellableStartDate": "19700101T000000.000 GMT",
    "JourneyStep": "",
    "Propensity": 0.0,
    "AgentCompensation": 0,
    "BannerLabel": "",
    "ClassIdentifier": "Offer",
    "Priority": 499999999.0,
    "Channel": "Mobile",
    "BundleName": "",
    "ImageURL": "",
    "Title2": "",
    "Variant": "",
    "Fields": [
      {
        "Name": "ArticleID",
        "Value": "RE102"
      },
      {
        "Name": "ArticleRead",
        "Value": "Y"
      },
      {
        "Name": "ArticleTotalAmount",
        "Value": 400
      },
      {
        "Name": "QuizCompleted",
        "Value": "Y"
      },
      {
        "Name": "QuizTotalAmount",
        "Value": 100
      }
    ],
    "ProductCategory": "",
    "Journey": "",
    "Group": "Deposits",
    "Category": "",
    "Message": "立即爲您的3個月USD定存續期，獲享3.89％年利率！",
    "SubjectName": "3440000001689575",
    "ButtonName2": "",
    "Direction": "Inbound",
    "ExpectedRevenue": 0.0,
    "ButtonName": "解鎖尊屬續期優惠",
    "Pricing": "",
    "BannerLabel2": "",
    "JourneyStage": "",
    "EligibilityDescription": "",
    "Message2": "",
    "Title": "按此解鎖尊屬優惠!",
    "Rank": 2,
    "ProductID": "",
    "BundleParent": "false",
    "Treatment": "NewTimeDepositForeignCurrency_TC",
    "ProductsCompatible": "",
    "AssociatedProductIDs": "",
    "CampaignID": "NBA",
    "OfferValue": 0,
    "SubCategory": "",
    "ClickThroughURL": "scmobile://web/htd-webview?specialPricing=Y",
    "ProductDescription": "",
    "ClickThroughURL2": "",
    "SubjectID": "3440000001689575",
    "ProductsIncompatible": "",
    "DecisionTime": "20250130T040900.486 GMT",
    "ContextName": "Customer"
  }
]
